{
  "run_id": "86ca46db1e61cc40",
  "seeds": [
    0,
    1,
    2,
    3,
    4
  ],
  "gaps": [
    0.10714285714285714,
    0.16911764705882354,
    0.11363636363636363,
    0.040498442367601244,
    0.0650887573964497
  ],
  "accs_mlp": [
    0.546875,
    0.53125,
    0.6015625,
    0.626953125,
    0.66015625
  ],
  "accs_lif": [
    0.60546875,
    0.62109375,
    0.669921875,
    0.65234375,
    0.6171875
  ],
  "mean_gap": 0.09909681352041906,
  "median_gap": 0.10714285714285714,
  "p25_gap": 0.0650887573964497,
  "p75_gap": 0.11363636363636363,
  "max_gap": 0.16911764705882354,
  "mean_acc_mlp": 0.593359375,
  "mean_acc_lif": 0.633203125
}